{
  "name": "Node.js and Express.js",
  "order": 24,
  "time": "20 hours",
  "helpRoom": "HelpBackEnd",
  "challenges": [
    {
      "id": "bd7153d8c441eddfaeb5bd0f",
      "title": "Manage Packages with NPM",
      "description": [
        "We'll build this Waypoint on Cloud 9, a powerful online code editor with a full Ubuntu Linux workspace, all running in the cloud.",
        "If you don't already have Cloud 9 account, create one now at <a href='http://c9.io' target='_blank'>http://c9.io</a>.",
        "Open up <a href='http://c9.io' target='_blank'>http://c9.io</a> and sign in to your account.",
        "Click on Create New Workspace at the top right of the c9.io page, then click on the \"Create a new workspace\" popup that appears below it the button after you click on it.",
        "Give your workspace a name.",
        "Choose Node.js in the selection area below the name field.",
        "Click the Create button. Then click into your new workspace.",
        "In the lower right hand corner you should see a terminal window. In this window use the following commands. You don't need to know what these mean at this point.",
        "Install <code>how-to-npm</code> with this command: <code>npm install -g how-to-npm</code>",
        "Now start the tutorial by running <code>how-to-npm</code>.",
        "Note that you can resize the c9.io's windows by dragging their borders.",
        "Make sure that you are always in your project's \"workspace\" directory. You can always navigate back to this directory by running this command: <code>cd ~/workspace</code>.",
        "Note that you can only add dist tags to the specific version numbers published in steps 8 and 10. If you receive a 403 or 404 error, run <code>how-to-npm</code> and try again.",
        "Also, if you experience a bug, and you think you understand the concept, you can skip a step by running <code>how-to-npm verify skip</code> in the terminal.",
        "You can view this Node School module's source code on GitHub at <a href='https://github.com/npm/how-to-npm'>https://github.com/npm/how-to-npm</a>.",
        "Complete \"Install NPM\"",
        "Complete \"Dev Environment\"",
        "Complete \"Login\"",
        "Complete \"Start a Project\"",
        "Complete \"Install a Module\"",
        "Complete \"Listing Dependencies\"",
        "Complete \"NPM Test\"",
        "Complete \"Package Niceties\"",
        "Complete \"Publish\"",
        "Complete \"Version\"",
        "Complete \"Publish Again\"",
        "Note Once you've completed these steps, you can skip the rest (which are currently buggy) and move on to our next challenge."
      ],
      "challengeSeed": [
        "126433450"
      ],
      "tests": [],
      "type": "waypoint",
      "challengeType": 2,
      "nameEs": "Administrando paquetes con NPM",
      "descriptionEs": [
        "Haremos este desafío en Cloud 9, un poderoso editor en línea con un ambiente de trabajo Ubuntu Linux completo, corriendo totalmente en la nube.",
        "Si todavía no tienes una cuenta en Cloud 9, crea una ahora en <a href='http://c9.io' target='_blank'>http://c9.io</a>.",
        "Abre <a href='http://c9.io' target='_blank'>http://c9.io</a> y accede a tu cuenta.",
        "Pulsa el icono \"+\" en la parte superior derecha de la página de c9.io para crear un nuevo espacio de trabajo.",
        "Dale un nombre a tu espacio de trabajo. Opcionalmente también puedes escribir una descripción.",
        "Elige Node.js entre las opciones en el área debajo del campo donde escribiste el nombre.",
        "Haz click en el botón que dice \"Create workspace\".",
        "Una vez C9 termine de cargar tu espacio de trabajo, verás una terminal en la ventana de la esquina inferior derecha. Introduce los comandos siguientes en esa ventana (no te preocupes si no entiendes por ahora qué es lo que hacen):",
        "Instala <code>how-to-npm</code> usando el siguiente comando: <code>npm install -g how-to-npm</code>",
        "Ahora inicia el tutorial ejecutando <code>how-to-npm</code>",
        "Puedes modificar el tamaño de las ventanas en c9.io arrastrándolas por el borde.",
        "Asegúrate de que siempre te encuentres en el directorio \"workspace\" de tu proyecto. Puedes regresar a este directorio cuando quieras usando el comando: <code>cd ~/workspace</code>.",
        "Ten en mente que sólo puedes agregar etiquetas de distribución a los números de versión publicados en las lecciones 8 y 10. Si recibes un error 403 o 404, ejecuta <code>how-to-npm</code> y prueba de nuevo.",
        "Si te encuentras con algún error (bug), y crees que has comprendido el concepto del ejercicio, puedes saltarte la lección ejecutando <code>how-to-npm verify skip</code> en la terminal.",
        "Puedes ver el código fuente de este módulo de Node School en GitHub visitando <a href='https://github.com/npm/how-to-npm'>https://github.com/npm/how-to-npm</a>.",
        "Completa \"Install NPM\"",
        "Completa \"Dev Environment\"",
        "Completa \"Login\"",
        "Completa \"Start a Project\"",
        "Completa \"Install a Module\"",
        "Completa \"Listing Dependencies\"",
        "Completa \"NPM Test\"",
        "Completa \"Package Niceties\"",
        "Completa \"Publish\"",
        "Completa \"Version\"",
        "Completa \"Publish Again\"",
        "Una vez hayas completado estas lecciones, puedes saltarte el resto (que todavía requieren algunas correcciones), y continuar con el siguiente desafío."
      ]
    },
    {
      "id": "bd7153d8c441eddfaeb5bdff",
      "title": "Start a Node.js Server",
      "description": [
        "We'll build this Waypoint on Cloud 9, a powerful online code editor with a full Ubuntu Linux workspace, all running in the cloud. We'll do the first 7 steps of Node School's LearnYouNode challenges.",
        "If you don't already have Cloud 9 account, create one now at <a href='http://c9.io' target='_blank'>http://c9.io</a>.",
        "Open up <a href='http://c9.io' target='_blank'>http://c9.io</a> and sign in to your account.",
        "Click on the \"+\" icon at the top right of the c9.io page to create a new workspace.",
        "Give your workspace a name and an optional description.",
        "Choose Node.js in the selection area below the name field.",
        "Click the \"Create workspace\" button.",
        "Once C9 builds and loads your workspace, you should see a terminal window in the lower right hand corner. In this window use the following commands. You don't need to know what these mean at this point.",
        "Run this command: <code>sudo npm install -g learnyounode</code>",
        "Now start this tutorial by running <code>learnyounode</code>",
        "Note that you can resize the c9.io's windows by dragging their borders.",
        "Make sure that you are always in your project's \"workspace\" directory. You can always navigate back to this directory by running this command: <code>cd ~/workspace</code>.",
        "You can view this Node School module's source code on GitHub at <a href='https://github.com/workshopper/learnyounode'>https://github.com/workshopper/learnyounode</a>.",
        "Complete \"Hello World\"",
        "Complete \"Baby Steps\"",
        "Complete \"My First I/O\"",
        "Complete \"My First Async I/O\"",
        "Complete \"Filtered LS\"",
        "Complete \"Make it Modular\"",
        "Complete \"HTTP Client\"",
        "Once you've completed these first 7 steps, move on to our next challenge."
      ],
      "challengeSeed": [
        "126411561"
      ],
      "tests": [],
      "type": "waypoint",
      "challengeType": 2,
      "nameEs": "Inicia un servidor en Node.js",
      "descriptionEs": [
        "Haremos este desafío en Cloud 9, un poderoso editor en línea con un ambiente de trabajo Ubuntu Linux completo, corriendo totalmente en la nube.",
        "Si todavía no tienes una cuenta en Cloud 9, crea una ahora en <a href='http://c9.io' target='_blank'>http://c9.io</a>.",
        "Abre <a href='http://c9.io' target='_blank'>http://c9.io</a> y accede a tu cuenta.",
        "Haz click en el icono \"+\" en la parte superior derecha de la página de c9.io para crear un nuevo espacio de trabajo.",
        "Dale un nombre a tu espacio de trabajo. Opcionalmente también puedes escribir una descripción.",
        "Elige Node.js entre las opciones en el área debajo del campo donde escribiste el nombre.",
        "Haz click en el botón que dice \"Create workspace\".",
        "Una vez C9 termine de cargar tu espacio de trabajo, verás una terminal en la ventana de la esquina inferior derecha. Introduce los comandos siguientes en esa ventana (no te preocupes si no entiendes por ahora qué es lo que hacen):",
        "Ejecuta el siguiente comando: <code>sudo npm install -g learnyounode</code>",
        "Ahora inicia el tutorial ejecutando <code>learnyounode</code>",
        "Puedes modificar el tamaño de las ventanas en c9.io arrastrándolas por el borde.",
        "Asegúrate de que siempre te encuentres en el directorio \"workspace\" de tu proyecto. Puedes regresar a este directorio cuando quieras usando el comando: <code>cd ~/workspace</code>.",
        "Puedes ver el código fuente de este módulo de Node School en GitHub visitando <a href='https://github.com/workshopper/learnyounode'>https://github.com/workshopper/learnyounode</a>.",
        "Completa \"Hello World\"",
        "Completa \"Baby Steps\"",
        "Completa \"My First I/O\"",
        "Completa \"My First Async I/O\"",
        "Completa \"Filtered LS\"",
        "Completa \"Make it Modular\"",
        "Completa \"HTTP Client\"",
        "Una vez hayas completado estas primeras siete lecciones, continúa con el siguiente desafío."
      ]
    },
    {
      "id": "bd7153d8c441eddfaeb5bdfe",
      "title": "Continue working with Node.js Servers",
      "description": [
        "Let's continue the LearnYouNode Node School challenge. For this Waypoint, we'll do challenges 8 through 10.",
        "Make sure that you are always in your project's \"workspace\" directory. You can always navigate back to this directory by running this command: <code>cd ~/workspace</code>.",
        "Return to the c9.io workspace you created. Now start this tutorial by running <code>learnyounode</code>",
        "You can view this Node School module's source code on GitHub at <a href='https://github.com/workshopper/learnyounode'>https://github.com/workshopper/learnyounode</a>.",
        "Complete \"HTTP Collect\"",
        "Complete \"Juggling Async\"",
        "Complete \"Time Server\"",
        "Once you've completed these 3 steps, move on to our next challenge."
      ],
      "challengeSeed": [
        "128836506"
      ],
      "tests": [],
      "type": "waypoint",
      "challengeType": 2,
      "nameEs": "Continuemos trabajando con servidores en Node.js",
      "descriptionEs": [
        "Sigamos con el desafío de LearnYouNode de Node School. Para este Waypoint, trabajaremos con las lecciones 11 a 13.",
        "Asegúrate de que siempre te encuentres en el directorio \"workspace\" de tu proyecto. Puedes regresar a este directorio cuando quieras usando el comando: <code>cd ~/workspace</code>.",
        "Regresa al espacio de trabajo que creaste en c9.io. Ahora inicia el tutorial ejecutando <code>learnyounode</code>",
        "Puedes ver el código fuente de este módulo de Node School en GitHub visitando <a href='https://github.com/workshopper/learnyounode'>https://github.com/workshopper/learnyounode</a>.",
        "Completa \"HTTP Collect\"",
        "Completa \"Juggling Async\"",
        "Completa \"Time Server\"",
        "Una vez hayas completado estas tres lecciones, continúa con el siguiente desafío."
      ]
    },
    {
      "id": "bd7153d8c441eddfaeb5bdfd",
      "title": "Finish working with Node.js Servers",
      "description": [
        "Let's continue the LearnYouNode Node School challenge. For this Waypoint, we'll do challenges 11 through 13.",
        "Make sure that you are always in your project's \"workspace\" directory. You can always navigate back to this directory by running this command: <code>cd ~/workspace</code>.",
        "Return to the c9.io workspace you created for the previous LearnYouNode challenges and start the tutorial by running <code>learnyounode</code>",
        "You can view this Node School module's source code on GitHub at <a href='https://github.com/workshopper/learnyounode'>https://github.com/workshopper/learnyounode</a>.",
        "Complete \"HTTP File Server\"",
        "Complete \"HTTP Uppercaserer\"",
        "Complete \"HTTP JSON API Server\"",
        "Once you've completed these final 3 steps, move on to our next challenge."
      ],
      "challengeSeed": [
        "128836507"
      ],
      "tests": [],
      "type": "waypoint",
      "challengeType": 2,
      "nameEs": "Terminemos de trabajar con servidores en Node.js",
      "descriptionEs": [
        "Sigamos con el desafío de LearnYouNode de Node School. Para este Waypoint, trabajaremos con las lecciones 11 a 13.",
        "Asegúrate de que siempre te encuentres en el directorio \"workspace\" de tu proyecto. Puedes regresar a este directorio cuando quieras usando el comando: <code>cd ~/workspace</code>.",
        "Regresa al espacio de trabajo que creaste en c9.io. Ahora inicia el tutorial ejecutando <code>learnyounode</code>",
        "Puedes ver el código fuente de este módulo de Node School en GitHub visitando <a href='https://github.com/workshopper/learnyounode'>https://github.com/workshopper/learnyounode</a>.",
        "Completa \"HTTP File Server\"",
        "Completa \"HTTP Uppercaserer\"",
        "Completa \"HTTP JSON API Server\"",
        "Una vez hayas completado estas tres lecciones, continúa con el último desafío."
      ]
    },
    {
      "id": "bd7153d8c441eddfaeb5bd1f",
      "title": "Build Web Apps with Express.js",
      "description": [
        "We'll build this Waypoint on Cloud 9, a powerful online code editor with a full Ubuntu Linux workspace, all running in the cloud.",
        "If you don't already have Cloud 9 account, create one now at <a href='http://c9.io' target='_blank'>http://c9.io</a>.",
        "Open up <a href='http://c9.io' target='_blank'>http://c9.io</a> and sign in to your account.",
        "Click on the \"+\" icon at the top right of the c9.io page to create a new workspace.",
        "Give your workspace a name and an optional description.",
        "Choose Node.js in the selection area below the name field.",
        "Click the \"Create workspace\" button.",
        "Once C9 builds and loads your workspace, you should see a terminal window in the lower right hand corner. In this window use the following commands. You don't need to know what these mean at this point.",
        "Run this command: <code>git clone https://github.com/FreeCodeCamp/fcc-expressworks.git && chmod 744 fcc-expressworks/setup.sh && fcc-expressworks/setup.sh && source ~/.profile</code>",
        "Now start this tutorial by running <code>expressworks</code>",
        "Note that you can resize the c9.io's windows by dragging their borders.",
        "Make sure that you are always in your project's \"workspace\" directory. You can always navigate back to this directory by running this command: <code>cd ~/workspace</code>.",
        "You can view this Node School module's source code on GitHub at <a href='https://github.com/azat-co/expressworks'>https://github.com/azat-co/expressworks</a>.",
        "Complete \"Hello World!\"",
        "Complete \"Static\"",
        "Complete \"Jade\"",
        "Complete \"Good Old Form\"",
        "Complete \"Stylish CSS\"",
        "Complete \"Param Pam Pam\"",
        "Complete \"What's In Query\"",
        "Complete \"JSON Me\"",
        "Once you've completed these steps, move on to our next challenge."
      ],
      "challengeSeed": [
        "126411559"
      ],
      "tests": [],
      "type": "waypoint",
      "challengeType": 2,
      "nameEs": "Creando Web Apps con Express.js",
      "descriptionEs": [
        "Haremos este desafío en Cloud 9, un poderoso editor en línea con un ambiente de trabajo Ubuntu Linux completo, corriendo totalmente en la nube.",
        "Si todavía no tienes una cuenta en Cloud 9, crea una ahora en <a href='http://c9.io' target='_blank'>http://c9.io</a>.",
        "Abre <a href='http://c9.io' target='_blank'>http://c9.io</a> y accede a tu cuenta.",
        "Haz click en el icono \"+\" en la parte superior derecha de la página de c9.io para crear un nuevo espacio de trabajo.",
        "Dale un nombre a tu espacio de trabajo. Opcionalmente también puedes escribir una descripción.",
        "Elige Node.js entre las opciones en el área debajo del campo donde escribiste el nombre.",
        "Haz click en el botón que dice \"Create workspace\".",
        "Una vez C9 termine de cargar tu espacio de trabajo, verás una terminal en la ventana de la esquina inferior derecha. Introduce los comandos siguientes en esa ventana (no te preocupes si no entiendes por ahora qué es lo que hacen):",
        "Ejecuta el siguiente comando: <code>git clone https://github.com/FreeCodeCamp/fcc-expressworks.git && chmod 744 fcc-expressworks/setup.sh && fcc-expressworks/setup.sh && source ~/.profile</code>",
        "Ahora inicia el tutorial ejecutando <code>expressworks</code>",
        "Puedes modificar el tamaño de las ventanas en c9.io arrastrándolas por el borde.",
        "Asegúrate de que siempre te encuentres en el directorio \"workspace\" de tu proyecto. Puedes regresar a este directorio cuando quieras usando el comando: <code>cd ~/workspace</code>.",
        "Puedes ver el código fuente de este módulo de Node School en GitHub visitando <a href='https://github.com/azat-co/expressworks'>https://github.com/azat-co/expressworks</a>..",
        "Completa \"Hello World!\"",
        "Completa \"Static\"",
        "Completa \"Jade\"",
        "Completa \"Good Old Form\"",
        "Completa \"Stylish CSS\"",
        "Completa \"Param Pam Pam\"",
        "Completa \"What's In Query\"",
        "Completa \"JSON Me\"",
        "Una vez hayas completado estas lecciones, continúa con el último desafío."
      ]
    }
  ]
}
